[
  {
    "id": "1WwKimsiWtotFXc8obGbwFaEKm1KIsPSD",
    "title": "Murales Completos",
    "images": [
      {
        "id": "1apx7a2Mi42HSIUSgbHgO0zTaePwMW7Za",
        "src": "https://lh3.googleusercontent.com/drive-storage/AJQWtBMZlVryDd8ZW7wSPQtF91yEuv4oClGmyd_QnEvlmXgGRB0oLj6WEzyM2yfG45Tcx3ZXte49lCoUtkQT36sDITQLIXRGDbo6cba297HA3kJRvIg=s800",
        "alt": "682211023f0974646a289345_tralalero.png",
        "rotation": 0
      },
      {
        "id": "1uEEqq5HU1_YeDp7r35vVTlKx01UMw2H9",
        "src": "https://lh3.googleusercontent.com/drive-storage/AJQWtBOyYvlltTdHMAnGRHLwQoWLcYpHWroyK97GoenXVNGc_dC_CUR6vUPFgtXQoGM9RMTrc8Ggk4DgIDPORTcdkzfk5yYqCbx1q9K8vm3K_4mfg8o=s800",
        "alt": "3a49b23c129843d60624ce3b5b098bcc.jpg",
        "rotation": 0
      },
      {
        "id": "1Ke6j38gMT_JdgOSUcunLzZhM-rAs9vUO",
        "src": "https://lh3.googleusercontent.com/drive-storage/AJQWtBPZsrgbUYPRsOtp17VNoRimkybpAl4aKpUiCT96C1bbrD6GmniWMcsTD9KSZb1yyiunbRzT4jkDcwUHVZEcp1Ruv3sMtl43AHlcJIbJiIPzw20=s800",
        "alt": "9f67f2c1ddf368bda55fc6f1134534de.jpg",
        "rotation": 0
      },
      {
        "id": "18gBlyslsLnaO-5f5ZJAPk0hfDleoX2yu",
        "src": "https://lh3.googleusercontent.com/drive-storage/AJQWtBNpDLqrv1mLNGQgwMz1GXMYBmUlzd9PAhcbVb01Ji9wfZcmARsM4jpx97Te_z_T3EqxLDDGFCpJQPD_vz-P5O6l1ymy8s0rTmZJM5yWjb4LWcI=s800",
        "alt": "3996947a9904a52b3e96154243c6d3c0.jpg",
        "rotation": 0
      },
      {
        "id": "1dx9nNnwvcQW7dspbFhISe3xzAeb4D4vV",
        "src": "https://lh3.googleusercontent.com/drive-storage/AJQWtBMvgOdOiGAoe5FzWhXLtwGAstD6k4xnbMiRs_8C0drh1UnTQVmP7abil0cZcOuANgC_pEF6JDRjZdeykS6lOKwCNQHXOelUmDsQ7DS1OI-vGSk=s800",
        "alt": "469132550_17991782117725329_4470396657500770172_n.jpg",
        "rotation": 0
      },
      {
        "id": "1IZ6IrDXbtbUdxdklR3FxBVhLmrcDoP3y",
        "src": "https://lh3.googleusercontent.com/drive-storage/AJQWtBPu6jiTssP87JaRwluheHMy3lXSgFetFM6HpULjZkzo6fAqhca2FrzsoKVeZqE2Gre988YeseE7Dri4hGkNHWHdeuD0eg9lSivc0onS6jjMLRU=s800",
        "alt": "559860254_18536426767056536_32550764694403998_n.jpg",
        "rotation": 0
      },
      {
        "id": "1GBNzJf2eicjbwGpR5kVKGP-f9Fi9iGK5",
        "src": "https://lh3.googleusercontent.com/drive-storage/AJQWtBPQ54pZrsI1gPboP-6P-3Iuv4ZIM-d7yrgaE3VF1L3gkvTKNnAOCJYvlZgyWwfOvmgLX8wWANa6W952-3XuyZEsk43inaDev4zPtbm-p_c7X4o=s800",
        "alt": "87fc3c84ee6be441af92bd120af25b4f.jpg",
        "rotation": 0
      },
      {
        "id": "1wm6WA_BZEDQnf0Ucfk47t1x74Hyl6v8u",
        "src": "https://lh3.googleusercontent.com/drive-storage/AJQWtBNiorS08C8vHi5XOwjcHaJxkwdGzoAANzZj-QSNUq1skHN62alolRxTKbywfOC98K6VMEuXPiPvrC2qr7Nu5EETdDnrYvVFgphhVYJAREVBj98=s800",
        "alt": "d91cd91bca73567d8d43d269e7ce5349.jpg",
        "rotation": 0
      },
      {
        "id": "1p8vzhdkThpaUHRfWd0kj8-Cn2Trne3iJ",
        "src": "https://lh3.googleusercontent.com/drive-storage/AJQWtBPBmGcxNmjPeLzh_WytDv9Lk2ZXNCzgnoLGC0mwp85BmmfDqU9YoTvD1UVQmFRaA-mDfeAX3hhfljMl3_ieQfjekqrLN8NVhs4obf2-VsfMBzc=s800",
        "alt": "155573d4b6641f0850883aa545366ef0.jpg",
        "rotation": 0
      },
      {
        "id": "16CnQA5S6ZunA0fcZau65XfP35wSb5tu7",
        "src": "https://lh3.googleusercontent.com/drive-storage/AJQWtBMHVJwlLUIGgh2pgO4hV0u3384n_c7gXJpSx4RgbIiqpDTvy7lpbtosgffd-5t7bi_U6OJydGL5xg3kuN2FaQEVO1NXMB_wN9Z7ANCVr7nauIc=s800",
        "alt": "9271fa12cb0959f80459086519d929fa.jpg",
        "rotation": 0
      },
      {
        "id": "1n4pbJGk_YGB3cYqPTyepZdFfgaJJjaY-",
        "src": "https://lh3.googleusercontent.com/drive-storage/AJQWtBOYD9oxnUprscmhU64ftRJf7GkJ8q5DLIcKjqc186bcIkYzKRisOtG8oY1MYVa84M8L7HX10uVPUgkeNTcnD8OWjnV-bLpI2oaHI2GG17sEKbw=s800",
        "alt": "service_1724182738599.jpg",
        "rotation": 0
      },
      {
        "id": "1JsU5uq_abjXiSXo3YLYuIJspEt6T4HVm",
        "src": "https://lh3.googleusercontent.com/drive-storage/AJQWtBO40p9Gx_nRdaAGKwYAAR7vXqxLOD66_Q9DvCH3dTwWacx4JejKYlJKIbwFXKToo9miXI3RFMrFtj3Xt2GBiPB96FuFsk264LFTRzlr7XJL8lE=s800",
        "alt": "540704989_18525601819014730_490801433648230696_n.jpg",
        "rotation": 0
      },
      {
        "id": "1u5gPt4R-QoV8pmWluJN9iMpQlsqeCEEw",
        "src": "https://lh3.googleusercontent.com/drive-storage/AJQWtBPRMBherL83X6vLjUWBsmOFapssbr55ze14WJCl2u__zvHifmjGwdaZfOpf-NgBncMQtk1oB3bw7Zp8JMsTRzYqK4Jk23zN50R8mSOc-CmVCtA=s800",
        "alt": "21d87afc43820e707f58604164d49115.jpg",
        "rotation": 0
      },
      {
        "id": "1XwFsm5u6YT6ISkdz-5XBIEkF0B5GuHh_",
        "src": "https://lh3.googleusercontent.com/drive-storage/AJQWtBOIL9pDxLyxUuzTMCIapKzZt7ayVC46dZ5JmQOzbbvK9VTZ4RaVBf6UOiGkAoqZudlj2EfvfJYzMEKliX877v65xK4M3ujTx-tGK7KAvNAtXu0=s800",
        "alt": "IMG_2489.webp",
        "rotation": 0
      },
      {
        "id": "1IWMEdL3fzHST5SQyUwSbreWlLGFemDK9",
        "src": "https://lh3.googleusercontent.com/drive-storage/AJQWtBNNDgUK7FkpTr8axYmRV7nlP5B6nc9zj0IVk87I2q9MhO4hXiz7C_TCBemIk5eICqZR6jDmzi7c3jNujBPkDBmYIm2F7Qx4m6Svly-UgPyLwK8=s800",
        "alt": "f4a949c2740de2439d053304621d2cc4.jpg",
        "rotation": 0
      },
      {
        "id": "1jVM8klacVQFSbVPbTVvIHX7ukOj7ydja",
        "src": "https://lh3.googleusercontent.com/drive-storage/AJQWtBOKwJPNJVLBS6djL02mlErb8Tel2UfNxTJUjmQKtOGq9HMCZBLg6gaS12VkMjCDvd1jeafIHadP_4OnaYDw8B87sNW6FipAWn1Y5BqJRnI1e5Q=s800",
        "alt": "6b5af23c3911915bf88a11604fe7fd6c.jpg",
        "rotation": 0
      },
      {
        "id": "1wLc9Rrat7s3X3K53lv7_eRZi2bJa51IT",
        "src": "https://lh3.googleusercontent.com/drive-storage/AJQWtBO69fuusi9aXVPAhpAu28iwtSpOuxPA55G1R6f59VgsZuyDC0tjaS4glPAHoYx4Oe8yA8Ddgg5VQ427Kx0-yXL8qm8g7-27aXD-8P1EKsymPbU=s800",
        "alt": "7f7fc77123c253b36423cfa31040ed7e.jpg",
        "rotation": 0
      },
      {
        "id": "1v8u2vqppTb9LZoKKxiW09zdm-YWQLwXA",
        "src": "https://lh3.googleusercontent.com/drive-storage/AJQWtBMTDu1z78VR7ZOaT8gU_5P9fskUlPK7JpGuGQrYXz-jcird2Odq-cJmoiQZxo4l2ZjFxlleJzYhCsCJY1m9Ep0cIXRVTiPd2629dCyiR8sRIzY=s800",
        "alt": "images (2).jpeg",
        "rotation": 0
      },
      {
        "id": "1HESdSZo8vCKEfKHfs6xX8bdunw9UpinG",
        "src": "https://lh3.googleusercontent.com/drive-storage/AJQWtBNsUzUTqoIN6OXtJBIRlFo6WMmv0_Zah_qFPQlng-twrNeiGLgDNBwzdS5L2aV7cX7TSXjYdTX3ASBSCt-gRBEPiR85hC1XT5QS66u3PEGc1EU=s800",
        "alt": "003dc740b691c839a3040777f4369682.jpg",
        "rotation": 0
      },
      {
        "id": "1Pi9CuWyWMlgujYVaDxO6jd9yjw2qDFMz",
        "src": "https://lh3.googleusercontent.com/drive-storage/AJQWtBOzeEJRKAcYhVGqZOCGA5a6Ww3poNj1B33jfzjkYfSRSAO6x5jY4wSNLk6H4vzCSjItEt37OQA2Sq0Vag91JZMl4VxSZsm2GF2BBo4IQi37LJI=s800",
        "alt": "images (1).jpeg",
        "rotation": 0
      },
      {
        "id": "1HUH3sRQAwBNayNXbklMrNAtrsEkPjLkN",
        "src": "https://lh3.googleusercontent.com/drive-storage/AJQWtBNePVQAsiZYDL2zsSx2wB53ugJKy35Q7918j9aCfDjQYozdDyX23RZU7vEwn-J7R6cM-kqvfNY4kZ7Yqj0KcefUX6ipUNchQrKo6WLW_yn-l-w=s800",
        "alt": "87e8f1f0a8fae98f3113590bb955e957.jpg",
        "rotation": 0
      }
    ]
  },
  {
    "id": "1SItXGaPbikj5B_lrCfgll7o4lbtexo6i",
    "title": "Murales Simples",
    "images": [
      {
        "id": "1hcIZKNjQtfWZ0TiL9AUyMgAbU_V72Diz",
        "src": "https://lh3.googleusercontent.com/drive-storage/AJQWtBPMGGGQSjPt3P5l3qssIFZqmUATVN5fJP8-btpOqrO6fke77TcuxoPXf4gRpa9kzXAYOswGoTwJmAUTrHacQvDgW11UMv_LxC-RpGD98Dfs97Q=s800",
        "alt": "f4a949c2740de2439d053304621d2cc4.jpg",
        "rotation": 0
      },
      {
        "id": "1-P-h6wf72d6DxcSj8wjH9NR1j2lc1Oyg",
        "src": "https://lh3.googleusercontent.com/drive-storage/AJQWtBOdN_CiyHycYjG2ToL88mD4Vg2Sp2CjFWAqdFDILdk8wP_xLqiP6S7r8s6s4lzBLAca_7WOZzFqyDndmRdrjHwzYndJyKM41dls10pFSLZo40A=s800",
        "alt": "6b5af23c3911915bf88a11604fe7fd6c.jpg",
        "rotation": 0
      },
      {
        "id": "1hAXIMOI7qCs5kbvuU8vFezBgYAPtfPhc",
        "src": "https://lh3.googleusercontent.com/drive-storage/AJQWtBNssvL4rdCvFn4zKsflu-nekBP3mlCgKEYiwF0iGlDlOzgt-lEY3bCy6xe1eN7rI8-6W8WN4dWo_pfIEf8yDIKeLxLQr1QYdcV9i7N7CuO3hVg=s800",
        "alt": "7f7fc77123c253b36423cfa31040ed7e.jpg",
        "rotation": 0
      }
    ]
  },
  {
    "id": "1rqZdEp21wKFubzPSwdi3GHKqQzH7sKOg",
    "title": "Detalles / Puertas / Espejos",
    "images": [
      {
        "id": "10s83LkVxaJYLOHg-bUBorh6bdtDK9IWe",
        "src": "https://lh3.googleusercontent.com/drive-storage/AJQWtBMSWwftnifMKhNcKcOBK2PVxv5ck8m-lWER-xpdaGr6jE4vW6Wy5_6Pu3x2XE3kEps2bAjMwgyGPTx-tyvKxcYBOdccyEWy9mJxBoHZfrHYdmY=s800",
        "alt": "559860254_18536426767056536_32550764694403998_n.jpg",
        "rotation": 0
      },
      {
        "id": "1nWQ1EAgjb8Rnw_l2RsyFc9tzvnLDHtXM",
        "src": "https://lh3.googleusercontent.com/drive-storage/AJQWtBOI8_dOX1vZbwXM2MLQxKZAzlfKtsUnXnzS-QXPhr7EGqKNwpCYGQk23P6wSy05aB1YTd1MCOCR8ojDMsq1j-C9j9wjeudThiu2R--ukuqk2Ik=s800",
        "alt": "87fc3c84ee6be441af92bd120af25b4f.jpg",
        "rotation": 0
      },
      {
        "id": "16icJH-sXHr0w5mO8KkCywF0yxus1nIrp",
        "src": "https://lh3.googleusercontent.com/drive-storage/AJQWtBPDvFgIvLFY7fkJwnv4ECCUr4RrAkPXzkKPFszMnco93cF3ZQvXxTEOxD_FfoQNRLHeO9BBH9zhN3hR-MFQyxJtFJPh_VVxsEXmKBXbozmnN-w=s800",
        "alt": "d91cd91bca73567d8d43d269e7ce5349.jpg",
        "rotation": 0
      },
      {
        "id": "1iI0MHBmQbMF6pCuN0z6qXPUF10Sdu9jm",
        "src": "https://lh3.googleusercontent.com/drive-storage/AJQWtBMnTmGH2Cyg-Oj9IvXO4gXoQPKWHSLLqpJv5gtIv_4my-FFc319NVBquhWJ08n24VXSrPydH-JzwU7ssA7BIXLix9qK24j865_BnGq4jK6sBp0=s800",
        "alt": "540704989_18525601819014730_490801433648230696_n.jpg",
        "rotation": 0
      },
      {
        "id": "1VxETSsxVeaHAuCA4V8PJCoCrjA7P7iIM",
        "src": "https://lh3.googleusercontent.com/drive-storage/AJQWtBO1XG1GyV1dmmPOA53z_TIqMAmKOOWcXTJW66Pb78ALKzz4mhKK2KitJoqL6ZdJbjKARMe9XW4D3sM70-Itp0FMPnwjZ2pTVotO44ikxj3gQuo=s800",
        "alt": "21d87afc43820e707f58604164d49115.jpg",
        "rotation": 0
      },
      {
        "id": "1tUnYJ1liM_pZxIQ6g2jZ4q5h8JMHc7lC",
        "src": "https://lh3.googleusercontent.com/drive-storage/AJQWtBN_UZLlUf8oJaGilVeeBbtIVpssEhgo2dxQpYNEtJV-eFtLOCCt77bJLuKBUySJ6zKUOhycT0m1NXyXWBppi3h3yqR569LSQuZr7BhxtXoTj2o=s800",
        "alt": "IMG_2489.webp",
        "rotation": 0
      },
      {
        "id": "1AQcDJhnpQgb6lb-xQHrSjeqkmYzWPKyw",
        "src": "https://lh3.googleusercontent.com/drive-storage/AJQWtBPA0Ayig0Cy5cXG7fmDzt7EdWvYb8JHDKsD6yC4Jc48Jc3I5fwfJzUItJeHPgDiRP5rvTexokspXKHDr7W-boGY0CQk53B8b7jMCYWk63z7qf0=s800",
        "alt": "images (2).jpeg",
        "rotation": 0
      },
      {
        "id": "1ceZEnQwx2THphVi7xjHv-UmmpxmN3jyy",
        "src": "https://lh3.googleusercontent.com/drive-storage/AJQWtBOdS4DAwbkjOLYn5plFwjV1-HSnIgd6dlRSoopCI5Syr4z32DBhEePfBhrwixuXI98idfjMBidYTmSFTwqoT_Qs52WvEeN1XbLH-CNrnpXfizI=s800",
        "alt": "003dc740b691c839a3040777f4369682.jpg",
        "rotation": 0
      },
      {
        "id": "17hi2gB0A97oBvx0szY419qz11iOeOf5w",
        "src": "https://lh3.googleusercontent.com/drive-storage/AJQWtBNzWrJ-mfV2OpToAX-U4RF1GMqauxnUm8_LAUJwjzHb6abElg_nukjeldw5mxTNT8onEF0j2UQmjp8EKfHpOggEMGESJgjIl_qghvGsiE3q-UA=s800",
        "alt": "images (1).jpeg",
        "rotation": 0
      }
    ]
  },
  {
    "id": "1KmyVFwDVrZ_yJ-KP2GuqcZpWB7-nQcWZ",
    "title": "Cuadros y Relojes",
    "images": [
      {
        "id": "1MadBNyea4BmWRQdj1ZExWJBAYelpkkar",
        "src": "https://lh3.googleusercontent.com/drive-storage/AJQWtBMz1yywVPZmNZMjQexXat79eV7zCi8uYjAPCHuuwyJGH_CDogx1Z66N_Z7NYnNCsETa5u885blPaKVw-CBmEKvw3c6LMmP9yoRLM07KqaSSR8g=s800",
        "alt": "155573d4b6641f0850883aa545366ef0.jpg",
        "rotation": 0
      }
    ]
  }
]