[
  {
    "id": "1KmyVFwDVrZ_yJ-KP2GuqcZpWB7-nQcWZ",
    "title": "Cuadros y Relojes",
    "images": [
      {
        "id": "1MadBNyea4BmWRQdj1ZExWJBAYelpkkar",
        "src": "https://lh3.googleusercontent.com/drive-storage/AJQWtBOASaC5KLQ6pWtsPdyiNxP7plflZB_FC04uCiLvyw8gjfJmsiX4V8W2HLYwxufM_PCS2P4afc6T1BtYKPM3bB2FJkU_ysyEf5i29xvSOz5lDRo=s800",
        "alt": "155573d4b6641f0850883aa545366ef0.jpg",
        "rotation": 0
      }
    ]
  },
  {
    "id": "1rqZdEp21wKFubzPSwdi3GHKqQzH7sKOg",
    "title": "Detalles / Puertas / Espejos",
    "images": [
      {
        "id": "10s83LkVxaJYLOHg-bUBorh6bdtDK9IWe",
        "src": "https://lh3.googleusercontent.com/drive-storage/AJQWtBPNgLb4DTqo_SfiAmTsl6j7Zgpq660PkuwsGAPZNoAtH2ItqROwXXEQAMee4mD9U3hTjwZiPcIZZfetGKrNrgPtUsNCRS_WD6g0VbsYe4VGAw0=s800",
        "alt": "559860254_18536426767056536_32550764694403998_n.jpg",
        "rotation": 0
      },
      {
        "id": "1nWQ1EAgjb8Rnw_l2RsyFc9tzvnLDHtXM",
        "src": "https://lh3.googleusercontent.com/drive-storage/AJQWtBOuSFBh2ay0vqHcGLUEyQlT_6q1Db-7_bebsXe4dGRk2kFNFb9IcRlPs-hrsmJ-vfesfCI-0JZ3KZJZ64blweegswzsDcp2Suvc9jx7wCObOLE=s800",
        "alt": "87fc3c84ee6be441af92bd120af25b4f.jpg",
        "rotation": 0
      },
      {
        "id": "16icJH-sXHr0w5mO8KkCywF0yxus1nIrp",
        "src": "https://lh3.googleusercontent.com/drive-storage/AJQWtBPjIluwuQv2CwM8DkD3IaVw08tItUvAWbxKiwPQaltA9nciDoLbRHCqRYcxeHB6sJjL8QT4y_nopquN98DkTEDhejJZCh1jX3MZP2IP49JewHI=s800",
        "alt": "d91cd91bca73567d8d43d269e7ce5349.jpg",
        "rotation": 0
      },
      {
        "id": "1iI0MHBmQbMF6pCuN0z6qXPUF10Sdu9jm",
        "src": "https://lh3.googleusercontent.com/drive-storage/AJQWtBPZYYM1sGtorxRMfmfWpC1SGa_USqWceW_T3aVKlO8RaghU3-h9co3vx3DAYLLAOXypvHdPRWuRkrar8zIzFXBJi-dV_rhISjNbEAH8kgg5tLc=s800",
        "alt": "540704989_18525601819014730_490801433648230696_n.jpg",
        "rotation": 0
      },
      {
        "id": "1VxETSsxVeaHAuCA4V8PJCoCrjA7P7iIM",
        "src": "https://lh3.googleusercontent.com/drive-storage/AJQWtBNLqJ1dSwxV50UmbZCnuhvSspqdqIzfSDOfqr1cO5Netj24XJKATC6K7Aj_lEpTYdD4eQinubwGO6q-an6i47IhPgV8sbKVbDLCupDMj-NkTqY=s800",
        "alt": "21d87afc43820e707f58604164d49115.jpg",
        "rotation": 0
      },
      {
        "id": "1tUnYJ1liM_pZxIQ6g2jZ4q5h8JMHc7lC",
        "src": "https://lh3.googleusercontent.com/drive-storage/AJQWtBNVL1h64PhMZMOBjGVQc5fpZdAm-K9uF8l-1NiDJpGzDlHcqg_6yXrjOd0PZTDdPWljJt04FBmGi3fzhhtNk6UdIwxm1QDyeaYKBglH5AFfGrc=s800",
        "alt": "IMG_2489.webp",
        "rotation": 0
      },
      {
        "id": "1AQcDJhnpQgb6lb-xQHrSjeqkmYzWPKyw",
        "src": "https://lh3.googleusercontent.com/drive-storage/AJQWtBPG_I_465r0b-Qoad-Ux9qUY6ygbRQCmmJsEB2wCYJHllVWBefE6Zsvnho-iKUDkl-TOCjzfoJZ1Gaz4HBLA3GOCMdL1yCcnZaCp6JDaIMvQtM=s800",
        "alt": "images (2).jpeg",
        "rotation": 0
      },
      {
        "id": "1ceZEnQwx2THphVi7xjHv-UmmpxmN3jyy",
        "src": "https://lh3.googleusercontent.com/drive-storage/AJQWtBMRO5UUfWzMhmTldMN6gex5ymlwWjAOsFSvMGbOfPkxHR2IfJQ3W_lr9QwytN8pEHeffXPcjuvmWBqX910Qkc51-6lxP7toKOcZFmyPzKhndG8=s800",
        "alt": "003dc740b691c839a3040777f4369682.jpg",
        "rotation": 0
      },
      {
        "id": "17hi2gB0A97oBvx0szY419qz11iOeOf5w",
        "src": "https://lh3.googleusercontent.com/drive-storage/AJQWtBMdSJnC1emYbm3uABHsLY7Du4aeVZBgozsQ8yBzPzl8Q_bnbNCv89OM9c9fLPfqDlFzcZFot51EPAGF8yVquNfp7NOYW1s3n6YLSgYvmB3jCvU=s800",
        "alt": "images (1).jpeg",
        "rotation": 0
      }
    ]
  },
  {
    "id": "1WwKimsiWtotFXc8obGbwFaEKm1KIsPSD",
    "title": "Murales Completos",
    "images": [
      {
        "id": "1dx9nNnwvcQW7dspbFhISe3xzAeb4D4vV",
        "src": "https://lh3.googleusercontent.com/drive-storage/AJQWtBOg1HvsyH81ciqK_1uJw963N3jGEBG36yAXNlbOtcgfiIG5dNstlnsnYn2FqosqW1xgrzbe0ynkzpUGih5oJTYKmLqO2DqixBkMS-d1yd6T-Gs=s800",
        "alt": "469132550_17991782117725329_4470396657500770172_n.jpg",
        "rotation": 0
      },
      {
        "id": "1apx7a2Mi42HSIUSgbHgO0zTaePwMW7Za",
        "src": "https://lh3.googleusercontent.com/drive-storage/AJQWtBOq81RLqUjY_i5wsSGUJn_4LQIMDN4bnmbGORIY8dRj0OjclBR80Hp3wE4db-Wbc_bklL0vTK3CXZsDlyPelwsgU5lEIWVOUQzzTYqN-GaTwv0=s800",
        "alt": "682211023f0974646a289345_tralalero.png",
        "rotation": 0
      },
      {
        "id": "18gBlyslsLnaO-5f5ZJAPk0hfDleoX2yu",
        "src": "https://lh3.googleusercontent.com/drive-storage/AJQWtBO_ch0mjW6eJeIRIgyMWy8ksQSoMAmix_sibruHdhjhoG2tSuti7zZRKMekFxzSuz7YqKuNUGDgKJ2wwzdSjod4dHI_36VlzMThqGtDbSioOU8=s800",
        "alt": "3996947a9904a52b3e96154243c6d3c0.jpg",
        "rotation": 0
      },
      {
        "id": "1uEEqq5HU1_YeDp7r35vVTlKx01UMw2H9",
        "src": "https://lh3.googleusercontent.com/drive-storage/AJQWtBOMFBVY-9uQU1CrBpG4qdKBAkFJMSyf_KldoGgn1eY13Q9ohb9323FOoFFnqVZlhwJ7E3B-h1MIgtCQlqE_v6zNttL892gmXVGfIay3DtVGJGg=s800",
        "alt": "3a49b23c129843d60624ce3b5b098bcc.jpg",
        "rotation": 0
      },
      {
        "id": "1Ke6j38gMT_JdgOSUcunLzZhM-rAs9vUO",
        "src": "https://lh3.googleusercontent.com/drive-storage/AJQWtBMrZla-v8vnkCUyQIF0KZeVgmSb35FWyGsHwfNRFTyAySy49S11OQ8BoDa-dv4J8VAg0WbakWM3asLzBz8hKnIXuJsVPQZLdrYZm_-5d6aqALc=s800",
        "alt": "9f67f2c1ddf368bda55fc6f1134534de.jpg",
        "rotation": 0
      },
      {
        "id": "1HUH3sRQAwBNayNXbklMrNAtrsEkPjLkN",
        "src": "https://lh3.googleusercontent.com/drive-storage/AJQWtBOO7oucE010-NYiBkNXGqXepFT2w4s-aJLZsf85ZEYF53XymnpqdEIc2-quuBDah-7col_R3sfiNyG4y0mUp93nfXoR6ZV_fBqySue5rGb2B5g=s800",
        "alt": "87e8f1f0a8fae98f3113590bb955e957.jpg",
        "rotation": 0
      }
    ]
  },
  {
    "id": "1SItXGaPbikj5B_lrCfgll7o4lbtexo6i",
    "title": "Murales Simples",
    "images": [
      {
        "id": "1hcIZKNjQtfWZ0TiL9AUyMgAbU_V72Diz",
        "src": "https://lh3.googleusercontent.com/drive-storage/AJQWtBOgdRRngy-BRUnIrEUzQFnO4k8Vj-hkbuc-d4amIhUWnaTCHeuNPSdTaeF4khNN8reERnbeJkyb8DbpwD5B0kVcVjfnIUrDYmXzyEB8NI6qNAU=s800",
        "alt": "f4a949c2740de2439d053304621d2cc4.jpg",
        "rotation": 0
      },
      {
        "id": "1-P-h6wf72d6DxcSj8wjH9NR1j2lc1Oyg",
        "src": "https://lh3.googleusercontent.com/drive-storage/AJQWtBOhk_ApTbv_D4KXN7rF1KSX7MT-NGKQ3uWRycSVkTWd4D8ZfOzwG3zvYK0apM_lAI5mNcKrvGucMNwJTcX9LpL0fV9q2uiQNLGJ5JpldnH9Q3s=s800",
        "alt": "6b5af23c3911915bf88a11604fe7fd6c.jpg",
        "rotation": 0
      },
      {
        "id": "1hAXIMOI7qCs5kbvuU8vFezBgYAPtfPhc",
        "src": "https://lh3.googleusercontent.com/drive-storage/AJQWtBPECxLqNKtqIAxFbY_lM0P-ISjid67RbPwBXiGSmgxgCK3l0Nwc8B8P2WU3mgio_2MGuwIEzrP6GPM4HDes8JTTU0-DpjdAifZxn7HC8R5qYac=s800",
        "alt": "7f7fc77123c253b36423cfa31040ed7e.jpg",
        "rotation": 0
      }
    ]
  }
]
